sample_name	depth_avg	mapped_reads	total_reads	n_actg	n_missing	n_gap	n_ambiguous	ref_snps	ref_mnps	ref_indels	depth_q.01	depth_q.05	depth_q.1	depth_q.25	depth_q.5	depth_q.75	depth_frac_above_10x	depth_frac_above_25x	depth_frac_above_50x	depth_frac_above_100x	mapped_paired	paired_inward	paired_outward	paired_other_orientation
RR065e_04791_W-R267-A1_B01_S2	6501.969	1461272	1884170	29764	90	0	0	27	0	0	60.000	1653.000	2604.200	4043.000	6047.000	8473.000	0.995	0.994	0.994	0.987	1456065	1264052	191486	1060
RR065e_04792_W-R267-B1_D01_S4	7700.685	1767675	2332374	29796	48	0	1	40	0	6	122.000	1073.100	1853.000	3981.500	6941.000	10634.000	0.997	0.997	0.997	0.994	1760188	1455318	302126	4418
RR065e_04793_W-R267-C1_F01_S6	2992.268	678882	865042	29479	298	0	3	21	0	2	4.000	387.000	865.000	1764.000	2839.000	3996.000	0.986	0.974	0.974	0.967	676395	576742	99150	460
RR065e_04794_W-R267-D1_H01_S8	4223.558	952846	1329606	29594	263	0	3	29	0	0	9.000	688.100	1190.200	2138.000	3558.000	5815.000	0.990	0.988	0.988	0.980	949349	820334	128468	734
RR065e_04795_W-R267-E1_J01_S10	9.986	2286	384366	3577	25139	0	7	4	0	0	0.000	0.000	0.000	0.000	0.000	0.000	0.120	0.089	0.089	0.032	2278	1868	336	2
RR065e_04796_W-R267-F1_L01_S12	4448.504	993747	1028400	29847	7	0	2	21	0	0	903.000	1560.100	2035.400	2938.000	4205.000	5705.000	0.998	0.997	0.997	0.996	990479	866558	123670	420
RR065e_04797_W-R267-G1_N01_S14	2361.118	535161	750890	29604	212	0	0	27	0	0	10.000	488.100	812.000	1334.000	2122.000	3074.000	0.990	0.987	0.987	0.979	533358	453972	79174	130
RR065e_04798_W-R267-H1_P01_S16	2515.623	565377	885152	29820	24	0	1	38	0	5	22.020	321.000	571.000	1112.000	1889.000	3341.000	0.997	0.989	0.989	0.980	563278	491384	71728	150
RR065e_04799_W-R267-A2_B03_S34	2000.313	460157	1694628	29785	29	0	4	31	0	1	20.000	98.000	185.000	586.000	1256.000	2737.000	0.996	0.986	0.986	0.949	458586	380372	77822	254
RR065e_04800_W-R267-B2_D03_S36	30227.449	6861424	7138584	29850	52	0	1	22	0	0	7161.460	11085.200	13838.400	18991.500	27039.000	39903.500	0.998	0.997	0.997	0.997	6835457	5776948	1051330	12780
RR065e_04801_W-R267-C2_F03_S38	740.982	170900	1499820	29114	695	0	4	19	0	0	5.000	28.000	49.000	167.000	471.000	1062.000	0.974	0.946	0.946	0.822	170296	140566	29378	152
RR065e_04802_W-R267-D2_H03_S40	3884.545	880354	3361730	29565	299	0	2	26	0	0	4.000	639.000	1142.000	1907.500	3150.000	5347.000	0.989	0.987	0.987	0.987	877322	748044	128746	518
RR065e_04803_W-R267-E2_J03_S42	2393.660	536460	1089016	29812	38	0	0	25	0	0	189.000	629.000	926.000	1424.000	2190.000	3076.000	0.997	0.996	0.996	0.996	534578	464724	69532	170
RR065e_04804_W-R267-F2_L03_S44	1972.774	448004	905650	29522	288	0	6	28	0	0	0.000	249.000	387.200	869.000	1675.000	2747.500	0.987	0.987	0.987	0.978	446548	378884	67440	108
RR065e_04805_W-R267-G2_N03_S46	1868.800	416440	712646	29549	300	0	0	28	0	0	7.000	346.000	693.000	1145.000	1729.000	2506.000	0.988	0.983	0.983	0.961	414941	365294	49386	164
RR065e_04806_W-R267-H2_P03_S48	1439.098	323873	782308	29316	493	0	5	30	0	0	0.000	127.000	254.000	561.000	1168.000	1960.500	0.981	0.979	0.979	0.959	322748	278164	44344	82
RR065e_04807_W-R267-A3_B05_S66	7790.867	1826992	2452204	29590	272	0	1	33	0	0	4.000	1483.000	2898.000	4958.000	7424.000	10252.000	0.990	0.983	0.983	0.978	1820408	1455814	363784	1736
RR065e_04808_W-R267-B3_D05_S68	17812.166	4468871	5304430	29854	47	0	2	30	0	0	214.020	5138.400	6978.200	10802.000	16113.000	24518.000	0.998	0.995	0.995	0.992	4441719	3852106	584856	7798
RR065e_04809_W-R267-C3_F05_S70	6.696	1596	206160	4163	25638	0	1	2	0	0	0.000	0.000	0.000	0.000	0.000	0.000	0.139	0.073	0.073	0.012	1592	1204	324	0
RR065e_04810_W-R267-E3_J05_S74	2767.862	622894	822476	29813	40	0	0	24	0	0	73.000	646.000	910.000	1460.500	2286.000	3689.500	0.997	0.996	0.996	0.989	620731	536326	84118	294
RR065e_04811_W-R267-F3_L05_S76	2101.910	479996	825196	29514	322	0	2	25	0	0	4.000	295.000	574.000	1046.000	1780.000	2775.500	0.987	0.977	0.977	0.972	478454	413584	64564	254
RR065e_04812_W-R267-G3_N05_S78	588.935	136813	169610	29491	333	0	1	29	0	0	6.000	59.000	90.000	165.000	349.000	920.000	0.986	0.977	0.977	0.879	136428	111070	25154	50
RR065e_04813_W-R267-H3_P05_S80	174.151	39847	448666	22758	7044	0	21	24	0	0	0.000	0.000	0.000	13.000	95.000	239.000	0.762	0.698	0.698	0.486	39699	33252	6230	12
RR065e_04814_W-R267-A4_B07_S98	8666.898	1966173	2621778	29745	112	0	2	25	0	0	59.000	2064.000	3206.200	5219.000	7752.000	11640.000	0.995	0.992	0.992	0.988	1959118	1672224	286220	2002
RR065e_04815_W-R267-B4_D07_S100	13956.119	3211132	4766028	29832	17	0	2	41	0	4	153.000	1581.000	3175.000	6796.000	11743.000	19609.000	0.998	0.998	0.998	0.991	3197721	2635250	558118	9442
RR065e_04816_W-R267-C4_F07_S102	7.706	1859	21340	1344	20941	0	0	1	0	0	0.000	0.000	0.000	0.000	0.000	0.000	0.045	0.034	0.034	0.027	1847	1322	446	2
RR065e_04817_W-R267-D4_H07_S104	5.713	1326	422488	2487	26833	0	0	4	0	0	0.000	0.000	0.000	0.000	0.000	0.000	0.083	0.053	0.053	0.021	1322	1046	238	0
RR065e_04818_W-R267-E4_J07_S106	1403.600	315981	500624	29520	308	0	1	24	0	0	3.000	257.000	433.000	757.000	1202.000	1872.000	0.987	0.987	0.987	0.977	314874	272798	41778	110
RR065e_04819_W-R267-F4_L07_S108	2375.972	532304	901076	29804	35	0	0	33	0	3	21.000	358.100	678.000	1302.000	2139.000	3148.000	0.997	0.988	0.988	0.970	530525	461650	68626	190
RR065e_04820_W-R267-G4_N07_S110	1087.539	243051	552208	29532	316	0	1	28	0	0	4.000	271.000	402.000	677.000	1014.000	1442.000	0.988	0.980	0.980	0.979	242301	211596	30454	74
RR065e_04821_W-R267-H4_P07_S112	5519.591	1239514	1285168	29812	6	0	0	24	0	0	116.000	1141.000	1723.200	3153.000	5112.000	7672.500	0.997	0.995	0.995	0.991	1235490	1071724	163304	574
RR065e_04822_W-R267-A5_B09_S130	11613.836	2652820	3310142	29765	106	0	2	24	0	0	123.100	2506.200	4071.200	6585.000	9827.000	16081.000	0.995	0.995	0.995	0.991	2644068	2206642	436820	2008
RR065e_04823_W-R267-B5_D09_S132	16064.395	3690987	4723196	29649	215	0	1	21	0	0	26.280	2309.100	4533.200	7450.500	12525.000	23138.000	0.992	0.990	0.990	0.989	3675660	3043124	628672	9066
RR065e_04824_W-R267-C5_F09_S134	9554.644	2191134	2284218	29815	11	0	1	23	0	0	1561.080	2696.000	3376.200	4921.000	7343.000	13698.000	0.997	0.997	0.997	0.997	2183585	1813414	369276	1384
RR065e_04825_W-R267-D5_H09_S136	8862.637	2024368	2674014	29750	116	0	3	30	0	1	45.000	1645.100	3412.000	5578.500	8435.000	11602.500	0.995	0.992	0.992	0.988	2017316	1694462	322310	1716
RR065e_04826_W-R267-E5_J09_S138	7.052	1622	1651896	6045	23562	0	7	13	0	3	0.000	0.000	0.000	0.000	0.000	4.000	0.202	0.083	0.083	0.003	1617	1294	288	0
RR065e_04827_W-R267-F5_L09_S140	3624.597	823989	871468	29813	51	0	1	23	0	0	79.000	251.000	611.000	1569.000	3084.000	5184.000	0.997	0.996	0.996	0.981	821348	692284	128646	376
RR065e_04828_W-R267-G5_N09_S142	169.679	38214	1139638	26732	3050	0	15	31	0	4	0.000	3.000	9.000	44.000	118.000	241.000	0.894	0.818	0.818	0.553	38051	32564	5278	6
RR065e_04829_W-R267-H5_P09_S144	214.647	48152	2076058	27614	2171	0	4	37	0	4	0.000	4.000	16.000	59.000	139.000	290.000	0.924	0.859	0.859	0.612	47941	41692	6046	4
RR065e_04830_W-R267-A6_B11_S162	11132.813	2567985	4120292	29815	52	0	1	23	0	0	53.000	2528.100	4178.400	6544.500	10034.000	14825.500	0.997	0.995	0.995	0.988	2558562	2115514	441538	2258
RR065e_04831_W-R267-B6_D11_S164	27869.737	6345250	6589248	29855	18	0	1	19	0	0	6526.360	10075.700	12652.400	17000.000	24243.000	37382.500	0.998	0.998	0.998	0.997	6321953	5283382	1033052	10636
RR065e_04832_W-R267-C6_F11_S166	376.780	86531	2647736	27025	2724	0	35	19	0	3	0.000	4.000	10.000	45.000	181.000	507.000	0.906	0.800	0.800	0.632	86250	71870	14124	54
RR065e_04833_W-R267-D6_H11_S168	105.282	24728	2462744	17516	12177	0	10	23	0	5	0.000	0.000	0.000	0.000	19.000	109.000	0.586	0.449	0.449	0.262	24614	19692	4708	10
RR065e_04834_W-R267-E6_J11_S170	961.666	224494	243550	29607	201	0	7	22	0	0	11.000	75.000	150.000	376.000	780.000	1376.000	0.991	0.975	0.975	0.936	223719	179692	43748	62
RR065e_04835_W-R267-F6_L11_S172	1000.051	224137	791762	29529	319	0	1	24	0	0	6.000	126.000	211.000	402.000	766.000	1360.000	0.988	0.979	0.979	0.962	223452	193716	29502	28
RR065e_04836_W-R267-G6_N11_S174	1288.219	288038	766274	29778	25	0	0	34	0	4	156.000	423.000	558.000	836.000	1223.000	1619.000	0.996	0.995	0.995	0.995	287099	250132	36718	68
RR065e_04837_W-R267-H6_P11_S176	2182.576	485667	1177140	29539	309	0	1	26	0	0	5.000	568.000	854.200	1375.000	2053.000	2912.000	0.988	0.987	0.987	0.981	483943	425144	58470	84
RR065e_04838_W-R267-A7_B13_S194	152.547	35118	599732	22090	6773	0	12	28	0	1	0.000	0.000	0.000	7.000	60.000	189.000	0.739	0.633	0.633	0.377	34986	29008	5758	14
RR065e_04839_W-R267-B7_D13_S196	7394.180	1711070	1839260	29816	11	0	0	16	0	0	634.000	1833.100	2424.000	4345.000	6801.000	9710.000	0.997	0.997	0.997	0.996	1704610	1384516	317670	4056
RR065e_04840_W-R267-D7_H13_S200	5576.333	1276417	1613510	29836	25	0	0	23	0	0	51.000	974.000	1796.000	3047.000	4672.000	7812.500	0.998	0.995	0.995	0.978	1271975	1068512	202762	1094
RR065e_04841_W-R267-E7_J13_S202	2451.318	551007	818510	29811	41	0	2	32	0	1	58.000	672.000	963.000	1469.000	2267.000	3148.000	0.997	0.996	0.996	0.989	549122	477598	71230	258
RR065e_04842_W-R267-F7_L13_S204	3172.041	710709	736166	29821	32	0	0	13	0	0	611.000	1033.000	1413.000	2080.000	2938.000	4017.000	0.997	0.996	0.996	0.996	708400	618756	89306	302
RR065e_04843_W-R267-G7_N13_S206	2384.201	535985	849000	29410	443	0	0	21	0	1	6.000	510.100	835.000	1455.000	2250.000	3205.500	0.984	0.981	0.981	0.979	534178	462386	71430	214
RR065e_04844_W-R267-H7_P13_S208	737.673	172427	482006	29495	297	0	6	34	0	5	0.000	52.000	89.000	198.000	440.000	947.000	0.987	0.976	0.976	0.885	171846	145132	26410	56
RR065e_04845_W-R267-A8_B15_S226	436.664	102782	688108	26887	2890	0	29	18	0	3	0.000	0.000	10.000	90.000	260.000	562.000	0.900	0.849	0.849	0.737	102432	81612	20560	48
RR065e_04846_W-R267-B8_D15_S228	25496.114	5792783	7018172	29804	73	0	2	31	0	0	164.000	8962.300	11720.000	17114.000	23770.000	33487.000	0.997	0.996	0.996	0.993	5770624	4893990	870892	12746
RR065e_04847_W-R267-C8_F15_S230	1917.368	461199	489634	29795	27	0	0	17	0	1	125.000	196.100	235.000	318.000	1461.000	3431.500	0.996	0.996	0.996	0.993	459735	348986	110358	306
RR065e_04848_W-R267-D8_H15_S232	8967.092	2053095	2135622	29813	38	0	3	16	0	0	292.000	2726.000	3533.000	5122.000	7394.000	12304.000	0.997	0.997	0.997	0.996	2046253	1704848	340702	1236
RR065e_04849_W-R267-E8_J15_S234	2064.299	461707	882790	29679	147	0	2	20	0	0	16.000	325.000	614.000	1119.000	1898.000	2701.000	0.993	0.980	0.980	0.979	460132	401474	58228	336
RR065e_04850_W-R267-F8_L15_S236	4529.292	1014229	1070302	29808	7	0	1	19	0	0	131.020	1067.100	1649.200	2599.000	4125.000	6022.000	0.997	0.996	0.996	0.993	1010863	880430	129958	380
RR065e_04851_W-R267-G8_N15_S238	95.330	21476	1582352	16100	13689	0	5	14	0	0	0.000	0.000	0.000	1.000	15.000	103.000	0.539	0.408	0.408	0.254	21392	18408	2802	2
RR065e_04852_W-R267-H8_P15_S240	46.233	10356	1612986	22429	6874	0	40	18	0	5	0.000	0.000	1.000	10.000	31.000	61.000	0.752	0.518	0.518	0.116	10330	8858	1328	0
RR065e_04853_W-R267-A9_B17_S258	12220.028	2804450	2941518	29851	15	0	0	16	0	0	2835.040	4561.100	5677.000	7907.500	11128.000	15519.500	0.998	0.998	0.998	0.997	2794410	2331728	461780	2106
RR065e_04854_W-R267-B9_D17_S260	30.509	7217	2013330	6844	22452	0	4	15	0	4	0.000	0.000	0.000	0.000	0.000	6.000	0.229	0.183	0.183	0.106	7191	5426	1668	8
RR065e_04855_W-R267-C9_F17_S262	3459.520	787158	3091010	29721	100	0	1	31	0	0	34.000	394.000	791.000	1872.000	3291.000	4778.000	0.994	0.991	0.991	0.980	784336	661972	121770	540
RR065e_04856_W-R267-D9_H17_S264	6611.719	1526389	2655254	29805	40	0	0	21	0	2	376.000	798.000	1279.200	2775.500	5109.000	9312.500	0.997	0.997	0.997	0.996	1521139	1244678	275550	1084
RR065e_04857_W-R267-E9_J17_S266	4070.164	912721	945836	29833	22	0	1	25	0	0	582.020	1226.100	1690.000	2522.000	3649.000	5145.500	0.998	0.996	0.996	0.996	909605	792710	116522	422
RR065e_04858_W-R267-G9_N17_S270	303.747	68430	1654544	27882	1911	0	9	30	0	0	0.000	7.000	14.000	62.000	195.000	414.500	0.933	0.833	0.833	0.674	68204	58762	9202	12
RR065e_04859_W-R267-H9_P17_S272	1612.658	362923	1901870	29803	47	0	0	24	0	0	61.000	168.000	346.200	714.000	1443.000	2282.000	0.997	0.996	0.996	0.977	361617	311212	50142	74
RR065e_04860_W-R267-A10_B19_S290	222.996	50966	1700078	25044	4753	0	17	23	0	0	0.000	1.000	3.000	22.000	105.000	283.000	0.838	0.714	0.714	0.510	50777	42604	7938	24
RR065e_04861_W-R267-B10_D19_S292	9639.170	2248342	2378846	29815	9	0	1	26	0	0	1694.020	3123.000	3960.000	5460.000	7925.000	13768.500	0.997	0.997	0.997	0.997	2238598	1810060	426314	3454
RR065e_04862_W-R267-C10_F19_S294	0.000	0	88806	0	0	0	0	0	0	0	0.000	0.000	0.000	0.000	0.000	0.000	0.000	0.000	0.000	0.000	0	0	0	0
RR065e_04863_W-R267-D10_H19_S296	4718.524	1067026	1881634	29702	159	0	3	27	0	0	37.000	997.400	1490.200	2512.500	4160.000	6374.000	0.993	0.992	0.992	0.985	1063564	909942	153200	398
RR065e_04864_W-R267-E10_J19_S298	72.622	16524	219138	15064	14744	0	2	7	0	3	0.000	0.000	0.000	0.000	10.000	99.000	0.504	0.431	0.431	0.249	16470	13764	2530	2
RR065e_04865_W-R267-F10_L19_S300	188.528	47702	71000	29518	273	0	0	22	0	0	7.000	54.000	77.000	121.000	180.000	238.000	0.987	0.975	0.975	0.834	45974	43806	1874	54
RR065e_04866_W-R267-G10_N19_S302	2888.543	648455	784140	29507	361	0	0	18	0	0	0.000	676.100	1138.000	1808.000	2735.000	3804.000	0.987	0.980	0.980	0.976	646247	562366	84200	222
RR065e_04867_W-R267-H10_P19_S304	390.788	89529	575308	27342	2472	0	4	26	0	0	0.000	0.000	24.000	106.000	270.000	523.500	0.915	0.894	0.894	0.766	89261	74398	14624	20
RR065e_04868_W-R267-A11_B21_S322	6524.097	1474886	2030416	29761	95	0	0	18	0	0	36.000	1656.100	2573.200	4085.000	6131.000	8479.000	0.995	0.991	0.991	0.987	1469763	1259956	209450	746
RR065e_04869_W-R267-B11_D21_S324	7465.100	1735701	3096096	29848	4	0	1	25	0	0	189.000	859.000	1480.000	3357.000	6288.000	9970.000	0.998	0.998	0.998	0.996	1729116	1403214	324046	3188
RR065e_04870_W-R267-C11_F21_S326	4.922	1200	5110	1383	20982	0	1	3	0	0	0.000	0.000	0.000	0.000	0.000	0.000	0.046	0.041	0.041	0.015	1198	842	296	0
RR065e_04871_W-R267-D11_H21_S328	21.974	5146	245562	10450	19354	0	7	5	0	1	0.000	0.000	0.000	0.000	0.000	26.000	0.350	0.231	0.231	0.065	5137	4124	916	2
RR065e_04872_W-R267-E11_J21_S330	3955.950	887818	1146312	29847	8	0	0	24	0	0	331.000	1020.000	1371.000	2209.000	3440.000	5378.500	0.998	0.996	0.996	0.996	884939	768194	116412	320
RR065e_04873_W-R267-F11_L21_S332	2564.226	571427	695250	29802	40	0	0	13	0	0	54.000	403.000	616.000	1006.000	1752.000	3640.000	0.997	0.996	0.996	0.989	569568	498972	70316	250
RR065e_04874_W-R267-G11_N21_S334	2676.535	599147	863860	29683	146	0	1	23	0	0	13.000	542.000	907.000	1482.500	2427.000	3493.500	0.993	0.981	0.981	0.978	597049	521578	75326	156
RR065e_04875_W-R267-H11_P21_S336	1796.488	407794	971568	29705	113	0	0	17	0	0	12.000	155.100	325.000	762.000	1472.000	2415.000	0.993	0.986	0.986	0.964	406395	348096	58088	114
RR065e_04876_W-R267-A12_B23_S354	5120.125	1151986	1311864	29629	234	0	1	25	0	0	11.000	1275.100	2001.000	3193.500	4828.000	6661.000	0.991	0.988	0.988	0.983	1148151	994194	153470	692
RR065e_04877_W-R267-B12_D23_S356	234.633	55496	171538	28351	1451	0	14	18	0	0	0.000	9.000	20.000	58.000	140.000	309.000	0.949	0.864	0.864	0.607	55275	43912	11166	44
RR065e_04878_W-R267-C12_F23_S358	5824.069	1309300	1595178	29814	31	0	0	20	0	0	230.000	1672.000	2245.000	3429.500	5137.000	7725.500	0.997	0.997	0.997	0.996	1305185	1128184	176552	696
RR065e_04879_W-R267-D12_H23_S360	4039.683	916450	1157548	29610	249	0	1	28	0	0	11.000	722.100	1143.200	1917.000	3155.000	5431.000	0.990	0.987	0.987	0.980	913327	774780	138118	514
RR065e_04880_W-R267-E12_J23_S362	7.178	1655	61106	6214	18346	0	4	6	0	3	0.000	0.000	0.000	0.000	0.000	4.000	0.208	0.086	0.086	0.006	1648	1328	264	0
RR065e_04881_W-R267-F12_L23_S364	14.077	3216	127384	7849	21767	0	3	6	0	1	0.000	0.000	0.000	0.000	0.000	11.000	0.263	0.139	0.139	0.034	3207	2656	470	0
RR065e_04882_W-R267-G12_N23_S366	84.786	19285	476368	18403	11304	0	12	9	0	1	0.000	0.000	0.000	0.000	26.000	106.000	0.616	0.482	0.482	0.262	19221	16206	2856	0
RR065e_04883_W-R267-H12_P23_S368	828.618	186510	658838	29380	428	0	7	27	0	0	0.000	51.000	89.000	247.000	614.000	1150.000	0.983	0.966	0.966	0.887	185917	159832	25984	34
RR066e_02575_W-R266-A1_A01_S1	2014.645	471027	1833120	28991	832	0	2	25	0	0	0.000	25.000	66.000	361.000	1227.000	3006.500	0.970	0.945	0.945	0.859	468682	382062	85604	1394
RR066e_02576_W-R266-B1_C01_S3	4159.150	951504	1380454	29677	152	0	0	20	0	0	22.000	857.200	1602.000	2577.000	4027.000	5510.000	0.992	0.989	0.989	0.981	947607	784590	162050	1494
RR066e_02577_W-R266-C1_E01_S5	12831.520	2960629	4240356	29856	10	0	1	25	0	0	253.000	4129.200	5783.000	8571.500	12520.000	16386.500	0.998	0.998	0.998	0.997	2949113	2435564	510816	5086
RR066e_02578_W-R266-D1_G01_S7	1774.712	408086	1639982	29386	458	0	4	24	0	0	7.000	66.000	110.000	438.000	1165.000	2524.000	0.983	0.980	0.980	0.910	406605	337858	68278	552
RR066e_02579_W-R266-E1_I01_S9	3852.341	867223	1044224	29814	40	0	0	20	0	0	47.000	849.000	1278.200	2138.500	3481.000	5006.500	0.997	0.996	0.996	0.989	864020	751300	112378	414
RR066e_02580_W-R266-F1_K01_S11	255.438	58384	563018	26346	3465	0	3	19	0	0	0.000	1.000	6.000	30.000	129.000	302.000	0.881	0.753	0.753	0.559	58220	48118	9888	12
RR066e_02581_W-R266-G1_M01_S13	0.005	2	7758	0	125	0	0	0	0	0	0.000	0.000	0.000	0.000	0.000	0.000	0.000	0.000	0.000	0.000	2	2	0	0
RR066e_02582_W-R266-H1_O01_S15	8.552	1949	163974	4893	23816	0	1	8	0	0	0.000	0.000	0.000	0.000	0.000	0.000	0.164	0.088	0.088	0.023	1944	1628	262	2
RR066e_02583_W-R266-A2_A03_S33	1.217	288	444846	1156	13654	0	0	4	0	0	0.000	0.000	0.000	0.000	0.000	0.000	0.039	0.019	0.019	0.000	286	216	54	2
RR066e_02584_W-R266-B2_C03_S35	3.401	796	299690	361	6	0	0	0	0	0	0.000	0.000	0.000	0.000	0.000	0.000	0.012	0.011	0.011	0.011	794	584	164	0
RR066e_02585_W-R266-C2_E03_S37	4.692	1112	594438	1772	18438	0	1	1	0	0	0.000	0.000	0.000	0.000	0.000	0.000	0.059	0.042	0.042	0.016	1110	810	242	0
RR066e_02586_W-R266-D2_G03_S39	2658.350	616833	1923752	29810	10	0	2	16	0	0	29.000	136.000	259.000	787.000	1881.000	3551.000	0.997	0.990	0.990	0.967	614607	501250	112834	462
RR066e_02587_W-R266-E2_I03_S41	6558.661	1481466	1898442	29814	16	0	1	22	0	2	23.000	1539.100	2279.200	3732.000	5906.000	8617.000	0.997	0.988	0.988	0.985	1476527	1263864	212182	580
RR066e_02588_W-R266-F2_K03_S43	2833.240	642945	891112	29786	18	0	1	17	0	1	29.000	372.000	664.000	1327.000	2426.000	3795.000	0.996	0.989	0.989	0.982	640864	542970	97646	238
RR066e_02589_W-R266-G2_M03_S45	1527.167	340039	405264	29811	27	0	1	17	0	1	57.000	352.000	515.000	838.000	1300.000	2041.000	0.997	0.996	0.996	0.986	338773	299286	39252	122
RR066e_02590_W-R266-H2_O03_S47	1675.879	375243	784420	29804	19	0	0	22	0	0	46.000	407.000	612.000	972.000	1503.000	2151.000	0.997	0.994	0.994	0.989	373886	326620	46990	130
RR066e_02591_W-R266-A3_A05_S65	74.374	17888	542760	14265	15376	0	4	7	0	3	0.000	0.000	0.000	0.000	1.000	109.000	0.477	0.425	0.425	0.266	17824	13432	4210	16
RR066e_02592_W-R266-C3_E05_S69	18534.009	4217059	4901734	29840	22	0	1	25	0	1	935.020	5984.100	7478.000	11033.500	16238.000	25182.000	0.998	0.997	0.997	0.997	4200815	3558598	637930	7992
RR066e_02593_W-R266-D3_G05_S71	5313.933	1213078	1630510	29810	15	0	0	22	0	0	175.000	698.100	986.000	2162.000	4169.000	7429.500	0.997	0.997	0.997	0.996	1208745	1013590	194770	884
RR066e_02594_W-R266-E3_I05_S73	244.279	55831	570162	24806	4997	0	17	21	0	4	0.000	0.000	0.000	35.000	158.000	364.000	0.830	0.766	0.766	0.609	55603	46590	8844	8
RR066e_02595_W-R266-F3_K05_S75	1964.008	443244	735182	29683	148	0	1	25	0	0	12.000	149.000	305.000	688.000	1354.000	2697.500	0.993	0.988	0.988	0.968	441611	380334	60990	254
RR066e_02596_W-R266-G3_M05_S77	2937.222	658523	913972	29803	52	0	1	25	0	0	172.000	793.100	1099.000	1689.000	2553.000	3879.000	0.997	0.996	0.996	0.996	656310	571052	85012	234
RR066e_02597_W-R266-H3_O05_S79	1312.842	295691	780348	29588	238	0	0	22	0	0	3.000	112.000	205.000	528.500	1074.000	1803.000	0.989	0.987	0.987	0.958	294672	253762	40632	98
RR066e_02598_W-R266-A4_A07_S97	8262.365	1928752	2629954	29815	6	0	0	24	0	1	107.040	1121.000	2087.400	4517.000	7685.000	11141.000	0.997	0.997	0.997	0.990	1921173	1542008	377104	4276
RR066e_02599_W-R266-B4_C07_S99	302.528	70909	618820	28014	1776	0	16	20	0	0	0.000	8.000	14.000	55.000	158.000	402.000	0.938	0.822	0.822	0.621	70486	56674	13508	92
RR066e_02600_W-R266-C4_E07_S101	9506.089	2201554	3638828	29813	3	0	5	24	0	0	175.020	1082.100	1783.400	3532.500	7593.000	13774.500	0.997	0.997	0.997	0.997	2193521	1790036	400876	4548
RR066e_02601_W-R266-D4_G07_S103	1033.880	236750	832718	29009	808	0	2	22	0	0	1.000	19.000	44.000	165.000	471.000	1283.500	0.970	0.933	0.933	0.819	235975	196152	39618	120
RR066e_02602_W-R266-E4_I07_S105	9.767	2222	435516	4737	21461	0	3	5	0	0	0.000	0.000	0.000	0.000	0.000	0.000	0.159	0.106	0.106	0.028	2205	1822	326	0
RR066e_02603_W-R266-F4_K07_S107	2774.426	621654	1176886	29809	6	0	1	22	0	0	70.000	478.100	807.000	1520.000	2491.000	3747.000	0.997	0.996	0.996	0.986	619715	539078	80256	328
RR066e_02604_W-R266-G4_M07_S109	2100.591	468609	594046	29800	12	0	2	22	0	0	45.000	574.100	822.000	1251.000	1907.000	2677.000	0.997	0.995	0.995	0.989	466969	409698	56922	206
RR066e_02605_W-R266-H4_O07_S111	1430.809	320936	525316	29570	274	0	1	24	0	0	8.000	80.000	210.000	573.000	1234.000	2114.000	0.989	0.970	0.970	0.941	319810	277056	42518	122
RR066e_02606_W-R266-A5_A09_S129	17566.445	4023678	4671376	29852	19	0	0	25	0	0	2160.100	6189.100	7867.200	11238.500	15847.000	23571.500	0.998	0.997	0.997	0.997	4008819	3333876	671136	7156
RR066e_02607_W-R266-B5_C09_S131	20100.652	4660483	5271610	29837	56	0	0	23	0	0	2830.020	6991.100	8992.000	13100.500	18544.000	26528.500	0.998	0.997	0.997	0.997	4641572	3730462	906896	7794
RR066e_02608_W-R266-C5_E09_S133	21199.795	4865372	5758378	29849	25	0	0	22	0	0	2035.140	6150.100	7758.400	11506.500	17903.000	30292.500	0.998	0.997	0.997	0.997	4847804	4026680	815742	8870
RR066e_02609_W-R266-D5_G09_S135	9860.745	2241527	2697256	29837	23	0	0	22	0	0	664.000	2487.200	3262.600	5077.500	7838.000	13725.000	0.998	0.997	0.997	0.996	2233545	1899350	332902	2094
RR066e_02610_W-R266-E5_I09_S137	4851.663	1091731	1588564	29809	56	0	1	22	0	0	164.000	1196.000	1642.000	2705.000	4166.000	6428.500	0.997	0.997	0.997	0.996	1088312	934720	153168	452
RR066e_02611_W-R266-F5_K09_S139	3505.291	786563	995378	29806	53	0	0	23	0	0	241.000	1056.100	1478.000	2150.000	3215.000	4470.000	0.997	0.996	0.996	0.996	783886	681570	101980	308
RR066e_02612_W-R266-G5_M09_S141	2298.773	515212	757536	29796	35	0	0	23	0	0	53.000	578.100	887.000	1421.000	2106.000	3029.000	0.996	0.994	0.994	0.989	513608	445912	67394	178
RR066e_02613_W-R266-H5_O09_S143	2211.336	496305	590578	29807	40	0	0	23	0	0	197.020	729.100	947.000	1421.000	2072.000	2861.000	0.997	0.996	0.996	0.996	494491	431568	62634	198
RR066e_02614_W-R266-A6_A11_S161	19.532	4657	184662	6962	22028	0	3	7	0	1	0.000	0.000	0.000	0.000	0.000	4.000	0.233	0.201	0.201	0.073	4639	3582	922	4
RR066e_02615_W-R266-B6_C11_S163	8302.327	1940249	2391628	29820	16	0	1	22	0	0	252.120	1436.100	2066.000	3461.000	6610.000	11584.000	0.997	0.997	0.997	0.997	1932572	1535470	395468	3274
RR066e_02616_W-R266-C6_E11_S165	19925.765	4581063	5078066	29853	12	0	0	23	0	0	3987.060	7129.000	9055.000	12654.000	17756.000	26659.000	0.998	0.998	0.998	0.997	4564742	3765874	794704	7630
RR066e_02617_W-R266-D6_G11_S167	282.090	66940	75006	29710	66	0	3	23	0	1	14.000	25.000	33.000	49.000	213.000	507.000	0.994	0.924	0.924	0.569	66758	51802	14766	6
RR066e_02618_W-R266-E6_I11_S169	5866.542	1325188	1615584	29810	17	0	1	22	0	0	204.000	1693.100	2495.000	3679.000	5533.000	7481.500	0.997	0.997	0.997	0.996	1320800	1131954	188376	646
RR066e_02619_W-R266-F6_K11_S171	3466.173	777998	941358	29812	44	0	2	22	0	0	113.000	960.000	1363.000	2065.000	3154.000	4435.500	0.997	0.996	0.996	0.993	775450	672944	102190	404
RR066e_02620_W-R266-G6_M11_S173	262.363	59814	641478	26339	3471	0	8	19	0	1	0.000	0.000	4.000	47.000	164.000	364.000	0.881	0.797	0.797	0.620	59597	50210	9184	6
RR066e_02621_W-R266-H6_O11_S175	1025.211	236932	267732	29803	24	0	1	22	0	0	100.000	183.000	228.000	338.000	725.000	1647.000	0.997	0.996	0.996	0.990	236225	194236	41758	74
RR066e_02622_W-R266-A7_A13_S193	6424.760	1487375	1708822	29837	24	0	0	22	0	0	1077.060	2441.300	3211.000	4431.000	6144.000	8020.500	0.998	0.997	0.997	0.996	1481664	1205594	275714	696
RR066e_02623_W-R266-B7_C13_S195	37.194	8498	1181606	4579	22007	0	1	2	0	1	0.000	0.000	0.000	0.000	0.000	0.000	0.153	0.132	0.132	0.073	8460	6990	1328	4
RR066e_02624_W-R266-C7_E13_S197	19699.364	4482486	5156312	29847	18	0	1	23	0	0	3828.060	5859.100	7522.000	10621.000	16693.000	27615.000	0.998	0.997	0.997	0.997	4466612	3768260	693700	7362
RR066e_02625_W-R266-D7_G13_S199	7443.854	1696039	2670998	29710	149	0	2	22	0	0	40.020	481.000	1109.000	3083.500	5981.000	10138.500	0.994	0.990	0.990	0.984	1689909	1427928	260842	1864
RR066e_02626_W-R266-E7_I13_S201	4541.327	1027490	1398924	29812	42	0	1	22	0	0	36.000	1128.000	1692.200	2789.000	4262.000	6044.500	0.997	0.991	0.991	0.989	1023980	875942	147738	376
RR066e_02627_W-R266-F7_K13_S203	4172.274	935798	1251366	29806	22	0	0	22	0	0	219.000	1158.000	1607.000	2442.000	3654.000	5490.000	0.997	0.997	0.997	0.996	932610	810034	122154	388
RR066e_02628_W-R266-G7_M13_S205	3433.200	768781	892530	29814	48	0	0	22	0	0	538.000	1085.100	1448.200	2154.500	3160.000	4326.000	0.997	0.997	0.997	0.996	766198	669088	96686	294
RR066e_02629_W-R266-H7_O13_S207	81.692	18344	236764	23969	5814	0	14	19	0	0	0.000	0.000	3.000	12.000	42.000	103.000	0.802	0.592	0.592	0.257	18296	15720	2400	0
RR066e_02630_W-R266-A8_A15_S225	18449.884	4209005	4874354	29847	27	0	1	23	0	0	1532.020	6191.000	7848.000	11363.000	16658.000	24867.500	0.998	0.998	0.998	0.997	4194394	3527656	662390	7880
RR066e_02631_W-R266-B8_C15_S227	15562.222	3566401	6037572	29822	32	0	0	23	0	0	335.020	2056.100	3721.600	7060.500	13069.000	21863.000	0.997	0.997	0.997	0.997	3552883	2940024	607630	9478
RR066e_02632_W-R266-C8_E15_S229	2994.050	701957	1893924	29801	22	0	3	23	0	0	50.020	235.000	405.000	1047.000	2261.000	4234.000	0.997	0.993	0.993	0.983	699345	557722	140772	1250
RR066e_02633_W-R266-D8_G15_S231	4281.823	984580	1343172	29813	10	0	1	22	0	0	60.000	336.000	592.000	1344.000	2915.000	6357.500	0.997	0.996	0.996	0.985	980933	812102	168148	990
RR066e_02634_W-R266-E8_I15_S233	3544.861	809558	1418578	29810	5	0	2	22	0	0	65.000	364.000	686.000	1456.000	2956.000	4761.000	0.997	0.996	0.996	0.988	806978	675354	131234	326
RR066e_02635_W-R266-F8_K15_S235	583.134	155387	237754	29778	55	0	1	22	0	0	15.000	163.000	233.000	353.000	529.000	741.000	0.996	0.989	0.989	0.975	151924	140272	11294	100
RR066e_02636_W-R266-G8_M15_S237	2357.398	525850	700836	29801	26	0	1	22	0	0	97.000	696.000	971.000	1489.000	2200.000	2997.000	0.997	0.996	0.996	0.989	524082	460068	63778	144
RR066e_02637_W-R266-H8_O15_S239	800.434	180225	830966	29579	226	0	10	22	0	0	8.000	64.000	101.000	281.000	645.000	1135.000	0.990	0.985	0.985	0.901	179584	154780	24544	34
RR066e_02638_W-R266-A9_A17_S257	10993.860	2561647	3037868	29821	40	0	1	22	0	0	744.000	3611.100	4698.000	6939.000	10030.000	14488.000	0.997	0.997	0.997	0.997	2551309	2063566	485826	3750
RR066e_02639_W-R266-B9_C17_S259	4687.425	1105084	1386752	29818	11	0	0	22	0	0	290.000	824.000	1232.000	2248.000	3933.000	6585.000	0.997	0.997	0.997	0.997	1100559	857156	242242	2002
RR066e_02640_W-R266-C9_E17_S261	24732.916	5684859	6434860	29856	8	0	2	22	0	0	4514.040	9874.000	12644.000	17449.500	23585.000	31314.500	0.998	0.998	0.998	0.997	5664942	4695502	965712	7624
RR066e_02641_W-R266-D9_G17_S263	10174.064	2342285	2788898	29816	7	0	0	22	0	0	551.020	2660.200	3733.000	5783.000	8701.000	13805.000	0.997	0.997	0.997	0.996	2333639	1930178	402652	1506
RR066e_02642_W-R266-E9_I17_S265	6412.051	1455467	1817688	29808	20	0	0	23	0	0	219.000	1047.100	1575.200	2878.000	5282.000	8747.500	0.997	0.997	0.997	0.996	1450959	1229434	220960	886
RR066e_02643_W-R266-F9_K17_S267	1110.195	257235	325218	29795	32	0	1	22	0	0	39.000	111.000	155.000	322.000	687.000	1718.000	0.996	0.993	0.993	0.958	256384	209998	46126	88
RR066e_02644_W-R266-G9_M17_S269	277.098	62940	478278	26546	3272	0	9	22	0	1	0.000	0.000	6.000	61.000	164.000	344.000	0.888	0.830	0.830	0.641	62760	53268	9260	10
RR066e_02645_W-R266-H9_O17_S271	2739.533	614490	875488	29849	9	0	0	22	0	0	42.000	408.000	690.000	1370.500	2427.000	3819.000	0.998	0.995	0.995	0.989	612418	530996	81168	212
RR066e_02646_W-R266-A10_A19_S289	7533.446	1755603	2117402	29841	11	0	2	22	0	0	237.000	2418.100	3205.000	4701.000	6866.000	9904.500	0.998	0.997	0.997	0.996	1749003	1409664	338076	2076
RR066e_02647_W-R266-B10_C19_S291	5955.557	1396274	2067102	29816	10	0	0	22	0	0	103.120	1082.000	1577.000	2787.500	5137.000	8189.000	0.997	0.997	0.997	0.990	1390583	1102684	286210	3002
RR066e_02648_W-R266-C10_E19_S293	13469.105	3074001	3885480	29840	14	0	0	22	0	0	364.000	3528.000	5190.600	7847.500	12110.000	17964.500	0.998	0.997	0.997	0.997	3062815	2579584	481872	2838
RR066e_02649_W-R266-D10_G19_S295	6427.677	1473262	2365948	29813	7	0	0	22	0	0	123.000	922.000	1503.400	3034.000	5640.000	8375.000	0.997	0.997	0.997	0.993	1468551	1223256	244608	918
RR066e_02650_W-R266-E10_I19_S297	775.637	178969	703044	29197	610	0	12	22	0	0	0.000	47.000	93.000	190.000	573.000	1073.000	0.977	0.965	0.965	0.891	178390	146782	31480	50
RR066e_02651_W-R266-F10_K19_S299	1981.841	444201	1238578	29800	16	0	2	22	0	0	36.000	170.000	256.000	663.000	1350.000	2698.000	0.997	0.993	0.993	0.981	442626	385882	56448	130
RR066e_02652_W-R266-G10_M19_S301	20.773	4738	789524	6564	23059	0	5	3	0	1	0.000	0.000	0.000	0.000	0.000	8.000	0.220	0.129	0.129	0.063	4724	3880	754	0
RR066e_02653_W-R266-H10_O19_S303	77.392	17576	1028820	16823	12476	0	6	13	0	0	0.000	0.000	0.000	0.000	22.000	105.000	0.563	0.460	0.460	0.264	17526	14862	2496	2
RR066e_02654_W-R266-A11_A21_S321	5663.730	1320785	2030002	29359	497	0	1	23	0	0	1.000	1521.000	2283.000	3968.000	5580.000	7389.000	0.982	0.980	0.980	0.979	1315851	1065088	249596	1644
RR066e_02655_W-R266-B11_C21_S323	18840.668	4306207	6860930	29840	16	0	2	21	0	0	312.320	4093.300	6714.000	11047.000	17524.000	25414.500	0.998	0.997	0.997	0.997	4289447	3589910	693276	10970
RR066e_02656_W-R266-C11_E21_S325	5391.071	1239583	4298578	29814	9	0	2	21	0	0	51.000	337.000	694.000	1891.000	4251.000	7781.500	0.997	0.994	0.994	0.976	1235404	1020864	213164	1680
RR066e_02657_W-R266-D11_G21_S327	100.046	22781	2800488	20145	9634	0	18	16	0	0	0.000	0.000	0.000	5.000	35.000	106.000	0.675	0.523	0.523	0.269	22688	18968	3534	16
RR066e_02658_W-R266-E11_I21_S329	690.535	155858	1350594	28747	1064	0	4	22	0	0	0.000	12.000	26.000	129.000	380.000	916.500	0.963	0.890	0.890	0.785	155401	132652	22526	34
RR066e_02659_W-R266-F11_K21_S331	3133.261	703969	1214092	29800	20	0	1	22	0	0	23.000	364.000	673.200	1363.000	2609.000	4163.000	0.997	0.989	0.989	0.981	701421	609326	91798	228
RR066e_02660_W-R266-G11_M21_S333	14.873	3370	1544238	7096	21933	0	6	14	0	1	0.000	0.000	0.000	0.000	0.000	8.000	0.238	0.147	0.147	0.035	3358	2854	432	0
RR066e_02661_W-R266-H11_O21_S335	10.337	2341	784802	6230	22483	0	3	4	0	2	0.000	0.000	0.000	0.000	0.000	5.000	0.208	0.107	0.107	0.020	2331	1966	304	0
RR066e_02662_W-R266-A12_A23_S353	11.433	2622	358470	6582	22414	0	6	13	0	1	0.000	0.000	0.000	0.000	0.000	7.000	0.220	0.119	0.119	0.033	2608	2116	404	4
RR066e_02663_W-R266-B12_C23_S355	13928.746	3211834	4903036	29856	8	0	1	23	0	0	196.100	2584.000	4172.000	7082.500	11732.000	18810.000	0.998	0.998	0.998	0.994	3199500	2632874	563834	6312
RR066e_02664_W-R266-C12_E23_S357	291.875	65581	316544	28189	1623	0	7	20	0	0	1.000	8.000	16.000	46.000	163.000	379.000	0.943	0.837	0.837	0.622	65288	56596	8342	194
RR066e_02665_W-R266-D12_G23_S359	10826.206	2444521	2808946	29822	39	0	2	20	0	0	105.020	1553.100	2476.000	4006.000	7515.000	16874.000	0.997	0.994	0.994	0.990	2436578	2089662	346314	1476
RR066e_02666_W-R266-E12_I23_S361	4520.857	1012983	1173862	29755	98	0	2	20	0	0	40.000	881.000	1329.000	2250.000	3547.000	6213.500	0.995	0.991	0.991	0.987	1009591	885770	123548	400
RR066e_02667_W-R266-F12_K23_S363	1984.088	441605	506200	29557	291	0	1	20	0	0	7.000	423.000	640.000	1027.000	1614.000	2654.000	0.988	0.987	0.987	0.986	439981	389312	50334	136
RR066e_02668_W-R266-G12_M23_S365	3360.270	749006	908788	29548	273	0	0	25	0	0	8.000	661.100	1041.200	1776.000	2867.000	4426.000	0.988	0.987	0.987	0.980	746466	656592	89550	210
RR066e_02669_W-R266-H12_O23_S367	3375.370	754904	904790	29806	55	0	0	11	0	0	146.000	812.000	1183.000	1887.500	3018.000	4414.500	0.997	0.996	0.996	0.995	752253	656974	94964	238
RR073e_00233_W-R269-H6_P12_S192	2649.482	608354	660608	29767	48	0	38	6	0	1	68.000	256.000	436.000	1114.000	2418.000	3738.000	0.997	0.995	0.995	0.986	606474	501830	104300	220
RR073e_00234_W-R269-A7_B14_S210	16268.122	3705109	3870452	29846	13	0	3	25	0	2	3669.120	6241.100	7788.200	10520.000	14841.000	20949.000	0.998	0.998	0.998	0.997	3691894	3131246	559182	3204
RR073e_00235_W-R269-C7_F14_S214	16832.644	3836193	4017672	29850	34	0	0	26	0	0	3963.240	6501.500	8368.000	11630.500	16187.000	20867.000	0.998	0.998	0.998	0.997	3822541	3233402	587260	3668
RR073e_00236_W-R269-D7_H14_S216	10803.322	2450494	2544876	29851	8	0	1	26	0	0	2301.040	3871.100	4884.200	6595.000	9544.000	14092.000	0.998	0.998	0.998	0.996	2442733	2071198	370486	1776
RR073e_00237_W-R269-E7_J14_S218	4064.908	913442	953718	29812	40	0	0	18	0	0	320.000	1029.000	1496.200	2299.000	3499.000	5329.000	0.997	0.996	0.996	0.996	910426	788712	121308	464
RR073e_00238_W-R269-G7_N14_S222	4258.102	963077	998692	29559	262	0	0	29	0	0	4.000	966.000	1630.200	2688.000	4041.000	5604.500	0.988	0.988	0.988	0.980	960255	819016	140700	800
RR073e_00239_W-R269-H7_P14_S224	6759.466	1519280	1573170	29588	275	0	1	20	0	0	9.000	1603.000	2288.000	3625.000	5935.000	9281.000	0.989	0.988	0.988	0.981	1514461	1309990	203922	616
RR073e_00240_W-R269-B8_D16_S244	32385.543	7405410	7717500	29854	11	0	1	22	0	0	4082.000	10907.300	13844.600	19090.000	27741.000	44195.500	0.998	0.998	0.998	0.997	7378472	6156178	1214354	13390
RR073e_00241_W-R269-C8_F16_S246	16152.783	3689259	3867572	29847	16	0	2	21	0	0	206.020	5595.100	7494.400	10667.000	14961.000	20794.000	0.998	0.997	0.997	0.996	3676291	3093120	581014	3660
RR073e_00242_W-R269-E8_J16_S250	1453.310	338224	374792	29707	91	0	16	26	0	1	15.000	58.000	186.000	516.000	1174.000	2024.000	0.994	0.981	0.981	0.938	337138	272918	64000	168
RR073e_00243_W-R269-F8_L16_S252	4757.704	1077286	1124450	29814	47	0	1	25	0	0	34.000	1339.000	1846.000	2841.000	4248.000	6306.500	0.997	0.991	0.991	0.987	1073854	920164	153118	508
RR073e_00244_W-R269-H8_P16_S256	0.000	0	29884	0	0	0	0	0	0	0	0.000	0.000	0.000	0.000	0.000	0.000	0.000	0.000	0.000	0.000	0	0	0	0
RR073e_00245_W-R269-A9_B18_S274	1658.352	397606	420956	29795	45	0	2	16	0	0	34.000	494.000	726.000	1100.000	1554.000	2118.000	0.996	0.992	0.992	0.988	396348	302562	93422	366
RR073e_00246_W-R269-C9_F18_S278	168.272	40317	75232	24101	5682	0	30	27	0	3	0.000	0.000	0.000	17.000	70.000	207.500	0.808	0.677	0.677	0.414	40177	30968	9008	12
RR073e_00247_W-R269-D9_H18_S280	4861.824	1138087	1193528	29809	30	0	3	20	0	0	494.000	1425.000	2127.000	3212.000	4668.000	6191.500	0.997	0.996	0.996	0.996	1134400	898872	234988	668
RR073e_00248_W-R269-F9_L18_S284	3587.116	800554	827020	29722	134	0	1	20	0	0	96.000	541.000	842.000	1522.000	2609.000	5130.500	0.997	0.996	0.996	0.987	798125	696546	101168	400
RR073e_00249_W-R269-H9_P18_S288	5941.722	1329278	1373344	29841	22	0	2	20	0	0	1151.020	1969.000	2553.000	3834.500	5595.000	7715.000	0.998	0.997	0.997	0.996	1324935	1156244	168238	500
RR073e_00250_W-R269-A10_B20_S306	222.176	52847	61202	27372	2441	0	8	17	0	0	0.000	2.000	17.000	68.000	151.000	310.000	0.916	0.876	0.876	0.648	52635	40936	11460	12
RR073e_00251_W-R269-C10_F20_S310	4387.511	988661	1027560	29808	55	0	0	20	0	1	313.000	1408.100	1958.200	2889.000	4223.000	5653.500	0.997	0.997	0.997	0.996	985051	849162	135278	626
RR073e_00252_W-R269-D10_H20_S312	2225.288	524598	567628	29805	15	0	1	20	0	1	63.000	132.000	261.000	996.000	1900.000	3051.000	0.997	0.996	0.996	0.966	522727	414574	107736	270
RR073e_00253_W-R269-F10_L20_S316	2297.903	517737	536988	29748	65	0	0	20	0	0	19.000	549.100	847.000	1440.000	2165.000	3061.500	0.995	0.990	0.990	0.981	516074	443954	71704	308
RR073e_00254_W-R269-G10_N20_S318	4262.216	959822	996890	29837	29	0	0	20	0	1	85.000	1071.100	1546.000	2435.000	3845.000	5707.500	0.998	0.996	0.996	0.989	956727	823874	132496	320
RR073e_00255_W-R269-A11_B22_S338	707.529	190461	275364	29654	142	0	1	20	0	0	12.000	155.000	276.000	450.000	685.000	937.000	0.992	0.981	0.981	0.964	183502	161440	21620	232
RR073e_00256_W-R269-B11_D22_S340	17433.097	4030675	4235978	29851	10	0	0	20	0	0	4290.260	6731.200	8498.000	11781.000	16192.000	22305.000	0.998	0.998	0.998	0.997	4015924	3315308	697568	5078
RR073e_00257_W-R269-D11_H22_S344	242.728	57339	65604	28316	1487	0	10	20	0	0	0.000	9.000	20.000	83.000	189.000	342.000	0.948	0.871	0.871	0.701	57158	44748	12158	22
RR073e_00258_W-R269-E11_J22_S346	4647.554	1044728	1080478	29797	59	0	1	20	0	1	183.000	1136.000	1714.000	2740.000	4224.000	6046.000	0.997	0.997	0.997	0.996	1041377	899210	141722	454
RR073e_00259_W-R269-G11_N22_S350	4511.538	1012997	1048478	29575	299	0	2	29	0	0	6.000	1251.100	1852.000	2921.000	4410.000	5925.000	0.989	0.988	0.988	0.984	1009592	874598	134556	432
RR073e_00260_W-R269-H11_P22_S352	0.000	0	21488	0	0	0	0	0	0	0	0.000	0.000	0.000	0.000	0.000	0.000	0.000	0.000	0.000	0.000	0	0	0	0
RR073e_00261_W-R269-B12_D24_S372	1.143	303	1212	1181	17178	0	2	1	0	0	0.000	0.000	0.000	0.000	0.000	0.000	0.040	0.015	0.015	0.000	301	186	96	0
RR073e_00262_W-R269-C12_F24_S374	0.724	189	9568	340	30	0	0	0	0	0	0.000	0.000	0.000	0.000	0.000	0.000	0.011	0.011	0.011	0.001	188	112	60	0
RR074e_02236_W-R269-C1_F02_S22	346.025	84292	95168	29121	605	0	28	35	0	5	4.000	23.000	48.000	136.000	277.000	457.000	0.975	0.936	0.936	0.799	83991	61802	21952	32
RR074e_02237_W-R269-D1_H02_S24	9558.282	2177547	2278070	29816	44	0	0	17	0	0	2082.100	3335.100	4229.200	6062.500	8615.000	12148.000	0.997	0.997	0.997	0.996	2170163	1832182	337194	1276
RR074e_02238_W-R269-F1_L02_S28	3834.955	860172	893664	29847	20	0	1	19	0	0	765.020	1307.100	1701.200	2436.000	3538.000	4825.000	0.998	0.997	0.997	0.996	857239	745682	111398	288
RR074e_02239_W-R269-G1_N02_S30	2697.884	604842	629920	29809	47	0	1	27	0	0	353.000	892.100	1183.000	1750.000	2578.000	3460.000	0.997	0.996	0.996	0.995	602950	525322	77316	210
RR074e_02240_W-R269-H1_P02_S32	5570.036	1252116	1307666	29814	43	0	0	23	0	0	168.000	1104.100	1628.200	2750.500	4494.000	7484.000	0.997	0.997	0.997	0.994	1247922	1078338	169220	378
RR074e_02241_W-R269-B2_D04_S52	27309.471	6224309	6534778	29849	14	0	3	23	0	1	4009.280	9209.400	11808.200	16723.000	23620.000	37141.000	0.998	0.997	0.997	0.997	6200686	5190158	1004180	11008
RR074e_02242_W-R269-C2_F04_S54	13107.275	3030048	3162324	29860	16	0	2	22	0	0	2777.000	5002.100	6205.000	8794.000	12135.000	16647.000	0.999	0.998	0.998	0.997	3019441	2502346	517152	1990
RR074e_02243_W-R269-E2_J04_S58	3031.946	677895	701930	29835	24	0	1	25	0	0	650.020	1080.000	1357.000	1886.000	2755.000	3773.500	0.998	0.996	0.996	0.996	675770	591016	84526	288
RR074e_02244_W-R269-F2_L04_S60	3800.780	850379	888722	29814	42	0	1	19	0	0	587.000	1028.000	1369.200	2095.000	3118.000	5008.000	0.997	0.997	0.997	0.996	847789	740476	106976	348
RR074e_02245_W-R269-G2_N04_S62	2807.804	629306	655590	29813	48	0	0	13	0	0	484.000	940.000	1260.200	1844.000	2647.000	3573.000	0.997	0.996	0.996	0.996	627211	546932	79994	276
RR074e_02246_W-R269-A3_B06_S82	12566.774	2893954	3041162	29814	26	0	2	31	0	0	628.060	3069.100	4070.200	6829.000	10718.000	16948.500	0.997	0.997	0.997	0.997	2884052	2377770	504952	2060
RR074e_02247_W-R269-B3_D06_S84	20148.743	4576426	4763506	29840	25	0	1	21	0	0	3755.040	6992.000	8927.000	12303.500	17491.000	27180.500	0.998	0.997	0.997	0.997	4560287	3844914	711932	6738
RR074e_02248_W-R269-D3_H06_S88	7592.881	1728792	1833022	29816	46	0	0	20	0	0	1195.020	2161.000	2791.000	4090.000	6113.000	10184.000	0.997	0.997	0.997	0.996	1722704	1457938	263872	1328
RR074e_02249_W-R269-E3_J06_S90	4212.354	950215	992300	29815	50	0	0	13	0	0	849.020	1363.000	1823.000	2684.500	3749.000	5333.000	0.997	0.996	0.996	0.996	946992	815234	131374	462
RR074e_02250_W-R269-F3_L06_S92	2224.643	512402	584434	29529	277	0	13	24	0	0	1.000	103.000	237.000	842.000	1777.000	3174.500	0.988	0.982	0.982	0.952	510898	421088	89484	226
RR074e_02251_W-R269-H3_P06_S96	4409.042	993980	1061954	29780	37	0	0	19	0	0	249.000	1442.000	1891.200	2842.000	4211.000	5713.500	0.996	0.995	0.995	0.994	990620	860726	129460	520
RR074e_02252_W-R269-A4_B08_S114	12883.510	2976115	3120684	29844	19	0	1	12	0	0	2330.000	3783.000	4686.200	6706.000	9862.000	18616.500	0.998	0.997	0.997	0.997	2965229	2445264	518984	1978
RR074e_02253_W-R269-B4_D08_S116	11378.287	2698497	2860826	29817	10	0	2	22	0	0	203.040	2711.600	4125.000	6504.000	10252.000	15237.500	0.997	0.997	0.997	0.995	2688379	2054882	631290	3886
RR074e_02254_W-R269-D4_H08_S120	11375.930	2600587	2740402	29852	12	0	1	22	0	0	404.000	2487.000	3514.000	5800.000	9313.000	15617.500	0.998	0.998	0.998	0.998	2592296	2170202	421164	2060
RR074e_02255_W-R269-E4_J08_S122	3363.915	754792	788820	29845	20	0	4	21	0	0	558.060	1026.000	1350.000	1955.000	2854.000	4341.000	0.998	0.997	0.997	0.996	752445	655692	96504	498
RR074e_02256_W-R269-G4_N08_S126	2990.948	669974	721938	29750	103	0	0	23	0	0	14.000	820.100	1258.200	1943.000	2840.000	3838.000	0.995	0.988	0.988	0.987	667862	580164	87294	322
RR074e_02257_W-R269-H4_P08_S128	4440.846	992288	1041050	29813	53	0	0	28	0	0	418.020	1411.000	1860.000	2703.000	4017.000	5757.000	0.997	0.996	0.996	0.996	988968	864970	123504	424
RR074e_02258_W-R269-B5_D10_S148	2264.284	549846	588852	29814	7	0	0	17	0	0	54.000	272.000	547.000	1161.000	1884.000	3130.000	0.997	0.996	0.996	0.978	547664	403632	143566	566
RR074e_02259_W-R269-C5_F10_S150	11482.746	2614512	2751910	29844	21	0	1	28	0	1	1713.080	3797.100	4992.000	7330.500	10381.000	14587.000	0.998	0.997	0.997	0.997	2605868	2207536	396866	2492
RR074e_02260_W-R269-E5_J10_S154	4100.237	917453	956042	29815	40	0	5	30	0	0	339.020	1012.000	1454.200	2356.000	3471.000	5378.000	0.997	0.997	0.997	0.996	914406	796134	117858	436
RR074e_02261_W-R269-F5_L10_S156	4705.942	1060008	1102858	29812	6	0	0	25	0	0	460.000	1325.000	2011.000	3047.000	4325.000	6098.000	0.997	0.997	0.997	0.996	1056598	914352	141668	592
RR074e_02262_W-R269-G5_N10_S158	3735.971	842108	881024	29799	46	0	2	19	0	0	115.000	911.000	1274.000	2126.000	3456.000	5113.000	0.997	0.996	0.996	0.995	839273	722200	116580	476
RR074e_02263_W-R269-A6_B12_S178	14315.514	3316925	3477408	29816	31	0	1	24	0	0	1352.020	3699.000	4907.200	8278.000	12352.000	19410.000	0.997	0.997	0.997	0.997	3305259	2692566	611226	2652
RR074e_02264_W-R269-B6_D12_S180	5338.371	1284542	1406200	29814	8	0	1	26	0	0	30.000	358.000	887.000	2161.000	4085.000	7642.000	0.997	0.990	0.990	0.971	1279578	963606	314480	1946
RR074e_02265_W-R269-D6_H12_S184	5807.600	1351149	1419028	29813	15	0	0	27	0	0	154.000	686.100	1224.000	2679.000	4871.000	8125.000	0.997	0.997	0.997	0.994	1346752	1084634	261620	1134
RR074e_02266_W-R269-E6_J12_S186	1815.520	418007	446826	29795	29	0	3	31	0	0	22.000	68.000	164.000	506.000	1061.000	2540.000	0.996	0.983	0.983	0.932	416811	343480	72986	234
RR074e_02267_W-R269-F6_L12_S188	128.485	29884	45138	23085	6707	0	11	20	0	1	0.000	0.000	0.000	18.000	84.000	192.000	0.772	0.704	0.704	0.450	29779	23988	5570	8
RR075e_01087_W-R268-C1_E02_S21	7136.976	1640372	2243772	29753	99	0	2	29	0	0	60.000	1646.300	2543.000	4344.000	6604.000	9532.000	0.995	0.994	0.994	0.984	1634592	1351286	282304	1960
RR075e_01088_W-R268-D1_G02_S23	10909.093	2497510	2912980	29733	126	0	0	28	0	0	24.000	3632.100	5149.400	7529.000	10693.000	13879.500	0.994	0.989	0.989	0.988	2488669	2081568	405954	2002
RR075e_01089_W-R268-E1_I02_S25	1751.531	404559	844124	29680	134	0	2	28	0	0	12.000	116.000	210.000	582.000	1307.000	2271.000	0.993	0.980	0.980	0.959	403151	331312	71466	142
RR075e_01090_W-R268-F1_K02_S27	2220.292	492892	734254	29681	221	0	1	27	0	0	15.000	626.000	891.000	1378.000	2059.000	2858.000	0.993	0.988	0.988	0.987	491151	437004	53820	202
RR075e_01091_W-R268-H1_O02_S31	655.610	150311	301808	29607	203	0	8	28	0	0	12.000	75.000	126.000	253.500	484.000	840.500	0.991	0.979	0.979	0.924	149803	125208	24884	56
RR075e_01092_W-R268-A2_A04_S49	135.916	33510	36416	22868	6932	0	24	34	0	3	0.000	0.000	0.000	14.000	74.000	176.000	0.767	0.709	0.709	0.411	33370	25154	8110	10
RR075e_01093_W-R268-B2_C04_S51	2669.634	618066	909370	29578	249	0	1	27	0	0	0.000	625.000	1000.000	1729.500	2550.000	3469.000	0.989	0.989	0.989	0.980	615218	500748	113532	1182
RR075e_01094_W-R268-C2_E04_S53	0.000	0	2732	0	0	0	0	0	0	0	0.000	0.000	0.000	0.000	0.000	0.000	0.000	0.000	0.000	0.000	0	0	0	0
RR075e_01095_W-R268-D2_G04_S55	13990.628	3166951	3596184	29772	93	0	1	26	0	1	72.000	3956.100	5691.400	8609.000	12598.000	18400.500	0.996	0.993	0.993	0.988	3156862	2687358	468410	2476
RR075e_01096_W-R268-F2_K04_S59	4307.038	962797	1124042	29826	28	0	0	22	0	3	667.020	1290.000	1710.000	2564.000	3856.000	5552.000	0.998	0.996	0.996	0.996	959793	837300	122090	408
RR075e_01097_W-R268-G2_M04_S61	2826.132	633720	1066992	29647	175	0	0	27	0	0	14.000	447.000	828.000	1414.000	2308.000	3717.500	0.991	0.987	0.987	0.980	631653	548676	82698	304
RR075e_01098_W-R268-H2_O04_S63	2407.939	535946	628920	29766	83	0	1	26	0	0	15.000	525.000	879.000	1379.000	2155.000	3143.500	0.995	0.984	0.984	0.978	534121	470520	63282	242
RR075e_01099_W-R268-A3_A06_S81	6692.659	1561583	2269814	29767	70	0	2	27	0	0	23.320	1899.000	2727.000	4248.000	6394.000	8705.000	0.996	0.990	0.990	0.988	1554936	1250888	302296	3022
RR075e_01100_W-R268-B3_C06_S83	0.000	0	605922	0	0	0	0	0	0	0	0.000	0.000	0.000	0.000	0.000	0.000	0.000	0.000	0.000	0.000	0	0	0	0
RR075e_01101_W-R268-D3_G06_S87	8949.594	2034051	3183164	29365	478	0	1	25	0	1	2.000	921.000	2084.200	3916.000	7180.000	12602.000	0.982	0.981	0.981	0.979	2027205	1718390	307782	2044
RR075e_01102_W-R268-E3_I06_S89	4488.987	1012527	1660952	29736	96	0	1	34	0	0	18.000	785.100	1510.000	2647.000	4046.000	5723.000	0.994	0.988	0.988	0.980	1009191	866090	142660	734
RR075e_01103_W-R268-F3_K06_S91	4386.661	980317	1262238	29717	133	0	1	28	0	0	25.000	1126.000	1694.000	2625.000	4001.000	5644.000	0.994	0.988	0.988	0.987	977009	854816	121800	514
RR075e_01104_W-R268-G3_M06_S93	2113.728	479761	1009158	29555	259	0	1	27	0	0	0.000	354.000	534.000	950.000	1843.000	2897.000	0.988	0.987	0.987	0.980	478129	406050	71742	260
RR075e_01105_W-R268-A4_A08_S113	2494.097	595047	965610	29571	247	0	1	28	0	0	0.000	422.000	650.000	1141.000	2036.000	3424.000	0.989	0.988	0.988	0.986	592666	452916	139200	738
RR075e_01106_W-R268-B4_C08_S115	4958.035	1158124	2044738	29637	184	0	3	27	0	0	10.000	642.000	1125.200	2119.000	4063.000	6944.500	0.991	0.988	0.988	0.985	1153670	913416	238868	2080
RR075e_01107_W-R268-C4_E08_S117	5820.630	1342947	2559996	29573	262	0	1	26	0	0	5.000	590.000	1110.400	2494.500	4695.000	7850.500	0.989	0.988	0.988	0.981	1337601	1097466	238054	3064
RR075e_01108_W-R268-D4_G08_S119	5136.555	1170251	3145524	29803	17	0	0	20	0	3	44.000	315.000	689.000	1483.500	3299.000	7523.000	0.997	0.995	0.995	0.980	1165816	986780	178090	1238
RR075e_01109_W-R268-F4_K08_S123	2758.120	617165	1052084	29687	136	0	1	30	0	0	16.000	436.100	764.000	1327.000	2200.000	3626.500	0.993	0.987	0.987	0.980	615086	534882	79852	316
RR075e_01110_W-R268-G4_M08_S125	3277.819	729320	826098	29811	41	0	2	29	0	0	58.000	1124.000	1458.000	2071.000	2950.000	4167.000	0.997	0.995	0.995	0.987	726896	641650	84504	734
RR075e_01111_W-R268-A5_A10_S145	20628.112	4739794	5277190	29859	8	0	2	28	0	1	506.040	6983.000	9117.000	13051.500	18380.000	28199.000	0.999	0.997	0.997	0.997	4722602	3907532	809852	9172
RR075e_01112_W-R268-B5_C10_S147	6761.623	1576114	2318796	29582	309	0	1	30	0	0	8.000	1561.000	2211.000	3575.000	5952.000	9082.000	0.989	0.989	0.989	0.988	1569513	1249074	318558	3056
RR075e_01113_W-R268-C5_E10_S149	26871.700	6130262	6985294	29854	19	0	1	27	0	0	79.000	9084.300	12155.000	17300.500	24298.000	35432.000	0.998	0.997	0.997	0.988	6107834	5135692	966504	9408
RR075e_01114_W-R268-D5_G10_S151	1617.988	380221	1593482	28973	819	0	26	19	0	0	0.000	49.000	120.000	406.000	1118.000	2385.000	0.970	0.962	0.962	0.910	379034	301756	77234	256
RR075e_01115_W-R268-F5_K10_S155	2845.608	638907	1093934	29633	221	0	0	29	0	1	22.000	665.000	1042.200	1673.500	2548.000	3723.500	0.991	0.988	0.988	0.985	636731	553078	83304	344
RR075e_01116_W-R268-G5_M10_S157	3188.022	714949	858778	29558	270	0	1	27	0	0	8.000	874.000	1352.200	2030.000	3019.000	4065.000	0.988	0.988	0.988	0.986	712522	619228	92902	268
RR075e_01117_W-R268-H5_O10_S159	0.000	0	915072	0	0	0	0	0	0	0	0.000	0.000	0.000	0.000	0.000	0.000	0.000	0.000	0.000	0.000	0	0	0	0
RR075e_01118_W-R268-A6_A12_S177	8794.473	2058349	2307872	29852	14	0	1	27	0	0	265.020	2276.000	3246.000	5358.000	7656.000	11399.000	0.998	0.998	0.998	0.997	2050818	1626890	423274	3856
RR075e_01119_W-R268-B6_C12_S179	3108.675	726456	1264524	29570	256	0	4	26	0	0	1.000	303.000	448.000	1005.000	2249.000	4553.500	0.989	0.988	0.988	0.980	723814	574358	148580	1108
RR075e_01120_W-R268-D6_G12_S183	11637.051	2657550	3429134	29849	9	0	4	29	0	0	130.000	1946.000	3133.000	5684.000	9699.000	16281.000	0.998	0.998	0.998	0.995	2648155	2226032	421008	2126
RR075e_01121_W-R268-E6_I12_S185	2040.724	538202	678696	29612	228	0	1	27	0	0	11.000	562.100	861.000	1274.000	1837.000	2666.000	0.990	0.987	0.987	0.987	532887	474684	57664	318
RR075e_01122_W-R268-F6_K12_S187	119.338	27533	67896	26964	2803	0	29	22	0	0	0.000	3.000	10.000	28.000	59.000	158.000	0.903	0.742	0.742	0.376	27438	22486	4762	4
RR075e_01123_W-R268-G6_M12_S189	1782.454	396428	683584	29301	512	0	3	28	0	0	0.000	179.100	495.000	922.500	1551.000	2315.000	0.980	0.977	0.977	0.968	395184	347030	47918	96
RR075e_01124_W-R268-H6_O12_S191	2544.755	569356	1127676	29642	173	0	1	28	0	0	12.000	414.100	793.000	1422.000	2191.000	3366.500	0.991	0.985	0.985	0.980	567544	492978	74430	298
RR075e_01125_W-R268-B7_C14_S211	24072.628	5505055	6420514	29823	30	0	4	28	0	0	229.040	6341.100	8481.200	13035.500	20100.000	34972.500	0.997	0.996	0.996	0.994	5484363	4542780	934880	12164
RR075e_01126_W-R268-C7_E14_S213	12109.950	2745883	3178150	29830	43	0	0	27	0	1	161.020	4793.400	6415.000	8907.500	11800.000	14881.500	0.998	0.995	0.995	0.992	2734818	2335856	397782	3408
RR075e_01127_W-R268-D7_G14_S215	10462.758	2375717	3249332	29689	167	0	1	30	0	0	39.000	2212.000	3630.200	6017.000	9226.000	13805.500	0.993	0.991	0.991	0.988	2367586	2011662	354664	2274
RR075e_01128_W-R268-E7_I14_S217	3918.585	885139	1399730	29687	173	0	2	30	0	0	29.040	881.000	1391.000	2249.500	3417.000	5231.000	0.993	0.990	0.990	0.983	882185	757490	124366	418
RR075e_01129_W-R268-G7_M14_S221	1818.004	406844	1016616	29397	418	0	1	30	0	0	4.000	80.000	223.000	752.000	1548.000	2603.500	0.983	0.971	0.971	0.943	405608	352532	52808	222
RR075e_01130_W-R268-H7_O14_S223	2522.448	564942	972040	29559	300	0	0	29	0	0	3.000	482.000	891.000	1521.000	2357.000	3350.000	0.988	0.980	0.980	0.980	562973	491398	71296	196
RR075e_01131_W-R268-A8_A16_S241	7215.016	1697133	1948964	29815	50	0	1	29	0	0	91.000	2476.000	3396.000	4804.000	6694.000	9665.000	0.997	0.994	0.994	0.989	1690370	1335054	353864	2304
RR075e_01132_W-R268-B8_C16_S243	28290.920	6451734	7010894	29847	31	0	2	30	0	0	542.000	8249.300	11163.400	15894.000	24146.000	40580.500	0.998	0.997	0.997	0.995	6428273	5365940	1054342	14418
RR075e_01133_W-R268-C8_E16_S245	22463.829	5109309	5613984	29840	27	0	0	18	0	2	2553.020	7754.200	10398.000	14847.000	20636.000	29349.000	0.998	0.997	0.997	0.997	5090408	4313658	772568	9198
RR075e_01134_W-R268-D8_G16_S247	6935.925	1724506	1955820	29847	23	0	0	27	0	0	79.000	2372.100	3315.200	4839.000	6694.000	8816.500	0.998	0.994	0.994	0.988	1716980	1447424	269034	698
RR075e_01135_W-R268-E8_I16_S249	5716.167	1295675	1696714	29684	144	0	1	30	0	0	15.000	1268.100	1957.000	3021.000	4679.000	7755.000	0.993	0.988	0.988	0.987	1291229	1099730	190950	576
RR075e_01136_W-R268-F8_K16_S251	3996.015	891448	1088690	29803	44	0	1	27	0	0	64.000	992.200	1350.000	2078.500	3266.000	5300.000	0.997	0.995	0.995	0.987	888523	778842	109226	366
RR075e_01137_W-R268-H8_O16_S255	1799.636	402513	876460	29544	268	0	1	29	0	0	0.000	250.000	489.000	902.000	1525.000	2481.000	0.988	0.982	0.982	0.976	401185	349538	51324	162
RR075e_01138_W-R268-A9_A18_S273	3417.351	818651	1267460	29571	247	0	3	27	0	0	2.000	687.000	1084.000	1885.000	3079.000	4496.000	0.989	0.989	0.989	0.982	815607	624120	190754	858
RR075e_01139_W-R268-B9_C18_S275	5708.759	1335004	1617476	29814	8	0	1	18	0	0	214.020	1747.100	2457.200	3995.000	5702.000	7303.000	0.997	0.997	0.997	0.996	1329799	1056886	271210	2720
RR075e_01140_W-R268-C9_E18_S277	2605.675	614466	840726	29647	169	0	11	28	0	0	14.000	223.000	355.000	908.500	1828.000	3277.500	0.992	0.988	0.988	0.983	612032	486580	125678	962
RR075e_01141_W-R268-E9_I18_S281	4280.394	965247	1160406	29461	381	0	1	28	0	0	7.000	506.100	1313.000	2325.000	3709.000	5801.000	0.985	0.980	0.980	0.979	961993	824278	137374	358
RR075e_01142_W-R268-F9_K18_S283	3308.118	737500	901794	29834	22	0	1	27	0	0	75.000	1028.000	1371.000	2051.000	2989.000	4243.000	0.998	0.994	0.994	0.987	734874	649948	84520	230
RR075e_01143_W-R268-G9_M18_S285	116.356	26685	615596	24530	5233	0	49	24	0	0	0.000	0.000	2.000	17.000	64.000	164.000	0.822	0.661	0.661	0.371	26594	22106	4298	4
RR075e_01144_W-R268-H9_O18_S287	978.664	221230	976428	29217	591	0	5	29	0	0	0.000	63.000	117.000	312.000	694.000	1346.000	0.977	0.971	0.971	0.916	220502	188824	31490	26
RR075e_01145_W-R268-A10_A20_S305	452.199	108350	177460	29631	167	0	15	29	0	0	14.000	52.100	84.000	191.000	373.000	612.000	0.992	0.979	0.979	0.879	107994	82564	25218	46
RR075e_01146_W-R268-C10_E20_S309	16217.816	3707861	4683326	29822	35	0	3	28	0	0	71.000	3738.200	6161.400	9515.500	14133.000	21052.500	0.997	0.994	0.994	0.989	3694936	3089310	603410	4380
RR075e_01147_W-R268-D10_G20_S311	1737.063	400802	739180	29414	400	0	2	27	0	1	0.000	183.000	340.000	661.500	1373.000	2394.000	0.984	0.980	0.980	0.973	399452	328110	70970	224
RR075e_01148_W-R268-E10_I20_S313	0.000	0	1338820	0	0	0	0	0	0	0	0.000	0.000	0.000	0.000	0.000	0.000	0.000	0.000	0.000	0.000	0	0	0	0
RR075e_01149_W-R268-F10_K20_S315	2021.556	451406	891854	29717	96	0	2	23	0	0	14.000	275.000	492.000	895.000	1569.000	2614.000	0.994	0.989	0.989	0.982	449724	394184	55216	242
RR075e_01150_W-R268-H10_O20_S319	1315.261	295268	1031000	29312	515	0	1	28	0	0	0.000	104.100	231.000	545.000	1079.000	1761.000	0.980	0.978	0.978	0.951	294354	254706	39460	94
RR075e_01151_W-R268-A11_A22_S337	5556.638	1290383	1630622	29729	129	0	4	27	0	0	48.000	1795.000	2536.200	3795.500	5366.000	7160.500	0.994	0.992	0.992	0.984	1286064	1045498	239806	1228
RR075e_01152_W-R268-B11_C22_S339	637.997	147953	706768	24625	5126	0	13	26	0	2	0.000	0.000	0.000	72.000	340.000	870.000	0.824	0.800	0.800	0.724	147384	120254	26778	312
RR075e_01153_W-R268-C11_E22_S341	3312.851	771789	1629338	29553	265	0	14	19	0	0	0.000	345.100	498.000	1031.000	2247.000	4425.000	0.989	0.988	0.988	0.982	769121	623052	145704	614
RR112e_00047_W-R268-F11_K22_S347	3197.463	717734	1036982	29547	264	0	5	30	0	1	0.000	378.100	824.000	1614.000	2715.000	4133.500	0.988	0.984	0.984	0.979	715406	620428	94722	252
RR112e_00048_W-R268-G11_M22_S349	2833.590	630700	740766	29696	170	0	0	29	0	0	24.000	639.000	998.000	1580.000	2484.000	3755.500	0.993	0.988	0.988	0.983	628547	556156	72134	190
RR112e_00049_W-R268-H11_O22_S351	1211.182	271584	666112	29777	23	0	2	16	0	1	73.000	168.000	254.000	497.000	962.000	1644.000	0.996	0.995	0.995	0.978	270651	236534	34246	54
RR112e_00050_W-R268-A12_A24_S369	5497.208	1240340	1956094	29826	14	0	1	16	0	2	413.000	1074.000	1521.000	2632.000	4653.000	7290.500	0.998	0.997	0.997	0.996	1235451	1066274	170988	4892
RR112e_00051_W-R268-C12_E24_S373	4752.691	1064817	1762134	29815	3	0	0	13	0	1	246.000	1045.100	1598.200	2662.500	4332.000	6289.000	0.997	0.997	0.997	0.996	1061052	914942	145528	2124
RR112e_00052_W-R268-D12_G24_S375	6955.708	1553811	2781276	29731	128	0	2	27	0	0	174.000	1420.000	2058.000	3266.000	5570.000	9875.000	0.994	0.994	0.994	0.992	1547953	1365042	182096	1266
RR112e_00053_W-R268-E12_I24_S377	6040.103	1345497	2564126	29752	80	0	1	24	0	0	72.000	918.000	1605.000	2785.000	4801.000	8540.000	0.995	0.993	0.993	0.987	1340932	1186904	153604	504
RR112e_00054_W-R268-F12_K24_S379	197.451	45157	475714	26804	3004	0	8	24	0	0	0.000	3.000	9.000	40.000	128.000	242.000	0.898	0.784	0.784	0.569	45012	37244	7574	6
water_W-R266-B3_C05_S67	0.000	0	556	0	0	0	0	0	0	0	0.000	0.000	0.000	0.000	0.000	0.000	0.000	0.000	0.000	0.000	0	0	0	0
water_W-R267-C7_F13_S198	0.000	0	252	0	0	0	0	0	0	0	0.000	0.000	0.000	0.000	0.000	0.000	0.000	0.000	0.000	0.000	0	0	0	0
water_W-R267-D3_H05_S72	0.000	0	904	0	0	0	0	0	0	0	0.000	0.000	0.000	0.000	0.000	0.000	0.000	0.000	0.000	0.000	0	0	0	0
water_W-R267-F9_L17_S268	0.000	0	722	0	0	0	0	0	0	0	0.000	0.000	0.000	0.000	0.000	0.000	0.000	0.000	0.000	0.000	0	0	0	0
water_W-R268-A1_A02_S17	0.000	0	1332	0	0	0	0	0	0	0	0.000	0.000	0.000	0.000	0.000	0.000	0.000	0.000	0.000	0.000	0	0	0	0
water_W-R268-A7_A14_S209	0.000	0	416	0	0	0	0	0	0	0	0.000	0.000	0.000	0.000	0.000	0.000	0.000	0.000	0.000	0.000	0	0	0	0
water_W-R268-B10_C20_S307	0.000	0	420	0	0	0	0	0	0	0	0.000	0.000	0.000	0.000	0.000	0.000	0.000	0.000	0.000	0.000	0	0	0	0
water_W-R268-B12_C24_S371	0.000	0	50	0	0	0	0	0	0	0	0.000	0.000	0.000	0.000	0.000	0.000	0.000	0.000	0.000	0.000	0	0	0	0
water_W-R268-B1_C02_S19	0.000	0	116	0	0	0	0	0	0	0	0.000	0.000	0.000	0.000	0.000	0.000	0.000	0.000	0.000	0.000	0	0	0	0
water_W-R268-C3_E06_S85	2.787	703	3778	2388	27396	0	5	4	0	0	0.000	0.000	0.000	0.000	2.000	4.000	0.080	0.000	0.000	0.000	698	462	190	0
water_W-R268-C6_E12_S181	0.000	0	1004	0	0	0	0	0	0	0	0.000	0.000	0.000	0.000	0.000	0.000	0.000	0.000	0.000	0.000	0	0	0	0
water_W-R268-D11_G22_S343	0.000	0	1122	0	0	0	0	0	0	0	0.000	0.000	0.000	0.000	0.000	0.000	0.000	0.000	0.000	0.000	0	0	0	0
water_W-R268-D9_G18_S279	0.000	0	132	0	0	0	0	0	0	0	0.000	0.000	0.000	0.000	0.000	0.000	0.000	0.000	0.000	0.000	0	0	0	0
water_W-R268-E11_I22_S345	0.000	0	28078	0	0	0	0	0	0	0	0.000	0.000	0.000	0.000	0.000	0.000	0.000	0.000	0.000	0.000	0	0	0	0
water_W-R268-E2_I04_S57	0.000	0	8456	0	0	0	0	0	0	0	0.000	0.000	0.000	0.000	0.000	0.000	0.000	0.000	0.000	0.000	0	0	0	0
water_W-R268-E4_I08_S121	0.000	0	6332	0	0	0	0	0	0	0	0.000	0.000	0.000	0.000	0.000	0.000	0.000	0.000	0.000	0.000	0	0	0	0
water_W-R268-E5_I10_S153	0.000	0	4392	0	0	0	0	0	0	0	0.000	0.000	0.000	0.000	0.000	0.000	0.000	0.000	0.000	0.000	0	0	0	0
water_W-R268-F7_K14_S219	0.000	0	1976	0	0	0	0	0	0	0	0.000	0.000	0.000	0.000	0.000	0.000	0.000	0.000	0.000	0.000	0	0	0	0
water_W-R268-G10_M20_S317	0.000	0	1574	0	0	0	0	0	0	0	0.000	0.000	0.000	0.000	0.000	0.000	0.000	0.000	0.000	0.000	0	0	0	0
water_W-R268-G12_M24_S381	0.000	0	4754	0	0	0	0	0	0	0	0.000	0.000	0.000	0.000	0.000	0.000	0.000	0.000	0.000	0.000	0	0	0	0
water_W-R268-G1_M02_S29	0.000	0	3670	0	0	0	0	0	0	0	0.000	0.000	0.000	0.000	0.000	0.000	0.000	0.000	0.000	0.000	0	0	0	0
water_W-R268-G8_M16_S253	0.000	0	1012	0	0	0	0	0	0	0	0.000	0.000	0.000	0.000	0.000	0.000	0.000	0.000	0.000	0.000	0	0	0	0
water_W-R268-H12_O24_S383	0.000	0	2366	0	0	0	0	0	0	0	0.000	0.000	0.000	0.000	0.000	0.000	0.000	0.000	0.000	0.000	0	0	0	0
water_W-R268-H3_O06_S95	0.000	0	160526	0	0	0	0	0	0	0	0.000	0.000	0.000	0.000	0.000	0.000	0.000	0.000	0.000	0.000	0	0	0	0
water_W-R268-H4_O08_S127	0.000	0	8434	0	0	0	0	0	0	0	0.000	0.000	0.000	0.000	0.000	0.000	0.000	0.000	0.000	0.000	0	0	0	0
water_W-R269-A12_B24_S370	0.000	0	160	0	0	0	0	0	0	0	0.000	0.000	0.000	0.000	0.000	0.000	0.000	0.000	0.000	0.000	0	0	0	0
water_W-R269-A1_B02_S18	0.000	0	394	0	0	0	0	0	0	0	0.000	0.000	0.000	0.000	0.000	0.000	0.000	0.000	0.000	0.000	0	0	0	0
water_W-R269-A2_B04_S50	0.000	0	536	0	0	0	0	0	0	0	0.000	0.000	0.000	0.000	0.000	0.000	0.000	0.000	0.000	0.000	0	0	0	0
water_W-R269-A5_B10_S146	0.000	0	648	0	0	0	0	0	0	0	0.000	0.000	0.000	0.000	0.000	0.000	0.000	0.000	0.000	0.000	0	0	0	0
water_W-R269-A8_B16_S242	0.000	0	2084	0	0	0	0	0	0	0	0.000	0.000	0.000	0.000	0.000	0.000	0.000	0.000	0.000	0.000	0	0	0	0
water_W-R269-B10_D20_S308	0.000	0	570	0	0	0	0	0	0	0	0.000	0.000	0.000	0.000	0.000	0.000	0.000	0.000	0.000	0.000	0	0	0	0
water_W-R269-B1_D02_S20	0.000	0	564	0	0	0	0	0	0	0	0.000	0.000	0.000	0.000	0.000	0.000	0.000	0.000	0.000	0.000	0	0	0	0
water_W-R269-B7_D14_S212	0.000	0	540	0	0	0	0	0	0	0	0.000	0.000	0.000	0.000	0.000	0.000	0.000	0.000	0.000	0.000	0	0	0	0
water_W-R269-B9_D18_S276	0.000	0	348	0	0	0	0	0	0	0	0.000	0.000	0.000	0.000	0.000	0.000	0.000	0.000	0.000	0.000	0	0	0	0
water_W-R269-C11_F22_S342	0.000	0	338	0	0	0	0	0	0	0	0.000	0.000	0.000	0.000	0.000	0.000	0.000	0.000	0.000	0.000	0	0	0	0
water_W-R269-C3_F06_S86	0.000	0	466	0	0	0	0	0	0	0	0.000	0.000	0.000	0.000	0.000	0.000	0.000	0.000	0.000	0.000	0	0	0	0
water_W-R269-C4_F08_S118	0.000	0	1134	0	0	0	0	0	0	0	0.000	0.000	0.000	0.000	0.000	0.000	0.000	0.000	0.000	0.000	0	0	0	0
water_W-R269-C6_F12_S182	0.000	0	5074	0	0	0	0	0	0	0	0.000	0.000	0.000	0.000	0.000	0.000	0.000	0.000	0.000	0.000	0	0	0	0
water_W-R269-D12_H24_S376	0.000	0	370	0	0	0	0	0	0	0	0.000	0.000	0.000	0.000	0.000	0.000	0.000	0.000	0.000	0.000	0	0	0	0
water_W-R269-D2_H04_S56	0.000	0	414	0	0	0	0	0	0	0	0.000	0.000	0.000	0.000	0.000	0.000	0.000	0.000	0.000	0.000	0	0	0	0
water_W-R269-D5_H10_S152	0.000	0	390	0	0	0	0	0	0	0	0.000	0.000	0.000	0.000	0.000	0.000	0.000	0.000	0.000	0.000	0	0	0	0
water_W-R269-D8_H16_S248	0.000	0	3190	0	0	0	0	0	0	0	0.000	0.000	0.000	0.000	0.000	0.000	0.000	0.000	0.000	0.000	0	0	0	0
water_W-R269-E10_J20_S314	0.000	0	854	0	0	0	0	0	0	0	0.000	0.000	0.000	0.000	0.000	0.000	0.000	0.000	0.000	0.000	0	0	0	0
water_W-R269-E12_J24_S378	0.000	0	532	0	0	0	0	0	0	0	0.000	0.000	0.000	0.000	0.000	0.000	0.000	0.000	0.000	0.000	0	0	0	0
water_W-R269-E1_J02_S26	0.000	0	3316	0	0	0	0	0	0	0	0.000	0.000	0.000	0.000	0.000	0.000	0.000	0.000	0.000	0.000	0	0	0	0
water_W-R269-E9_J18_S282	0.000	0	612	0	0	0	0	0	0	0	0.000	0.000	0.000	0.000	0.000	0.000	0.000	0.000	0.000	0.000	0	0	0	0
water_W-R269-F11_L22_S348	0.000	0	720	0	0	0	0	0	0	0	0.000	0.000	0.000	0.000	0.000	0.000	0.000	0.000	0.000	0.000	0	0	0	0
water_W-R269-F12_L24_S380	0.000	0	300	0	0	0	0	0	0	0	0.000	0.000	0.000	0.000	0.000	0.000	0.000	0.000	0.000	0.000	0	0	0	0
water_W-R269-F4_L08_S124	0.000	0	78240	0	0	0	0	0	0	0	0.000	0.000	0.000	0.000	0.000	0.000	0.000	0.000	0.000	0.000	0	0	0	0
water_W-R269-F7_L14_S220	0.000	0	10406	0	0	0	0	0	0	0	0.000	0.000	0.000	0.000	0.000	0.000	0.000	0.000	0.000	0.000	0	0	0	0
water_W-R269-G12_N24_S382	0.000	0	2700	0	0	0	0	0	0	0	0.000	0.000	0.000	0.000	0.000	0.000	0.000	0.000	0.000	0.000	0	0	0	0
water_W-R269-G3_N06_S94	0.000	0	3476	0	0	0	0	0	0	0	0.000	0.000	0.000	0.000	0.000	0.000	0.000	0.000	0.000	0.000	0	0	0	0
water_W-R269-G6_N12_S190	0.000	0	2766	0	0	0	0	0	0	0	0.000	0.000	0.000	0.000	0.000	0.000	0.000	0.000	0.000	0.000	0	0	0	0
water_W-R269-G8_N16_S254	0.000	0	7468	0	0	0	0	0	0	0	0.000	0.000	0.000	0.000	0.000	0.000	0.000	0.000	0.000	0.000	0	0	0	0
water_W-R269-G9_N18_S286	0.000	0	9884	0	0	0	0	0	0	0	0.000	0.000	0.000	0.000	0.000	0.000	0.000	0.000	0.000	0.000	0	0	0	0
water_W-R269-H10_P20_S320	0.000	0	2324	0	0	0	0	0	0	0	0.000	0.000	0.000	0.000	0.000	0.000	0.000	0.000	0.000	0.000	0	0	0	0
water_W-R269-H12_P24_S384	0.000	0	3048	0	0	0	0	0	0	0	0.000	0.000	0.000	0.000	0.000	0.000	0.000	0.000	0.000	0.000	0	0	0	0
water_W-R269-H2_P04_S64	0.000	0	7852	0	0	0	0	0	0	0	0.000	0.000	0.000	0.000	0.000	0.000	0.000	0.000	0.000	0.000	0	0	0	0
water_W-R269-H5_P10_S160	0.000	0	5734	0	0	0	0	0	0	0	0.000	0.000	0.000	0.000	0.000	0.000	0.000	0.000	0.000	0.000	0	0	0	0
